﻿pos_x,pos_y,rotation,side,designator,mpn,pack,footprint,value,mount_type
103.2712,-60.5045,-90.0,top,ENC1,,,JST_EH_B5B-EH-A_1x05_P2.50mm_Vertical,Conn_01x05_Pin,tht
137.9327,-94.8221,0.0,top,J1,,,JST_EH_B3B-EH-A_1x03_P2.50mm_Vertical,PINHD_1x3_Male,tht
137.8922,-100.6212,0.0,top,J3,,,JST_EH_B3B-EH-A_1x03_P2.50mm_Vertical,PINHD_1x3_Male,tht
136.2578,-58.5361,90.0,top,J5,,,PinHeader_1x04_P2.54mm_Vertical,PINHD_1x4_Male,tht
103.2712,-76.5999,-90.0,top,J6,,,JST_EH_B5B-EH-A_1x05_P2.50mm_Vertical,PINHD_1x5_Male,tht
145.2404,-76.449,90.0,top,PCM1,,,GY-PCM5102,GY-PCM5102,tht
136.3404,-51.7772,0.0,top,R1,,,R_Axial_DIN0207_L6.3mm_D2.5mm_P7.62mm_Horizontal,R4.7,tht
136.3605,-54.9877,0.0,top,R2,,,R_Axial_DIN0207_L6.3mm_D2.5mm_P7.62mm_Horizontal,R4.7,tht
120.0,-76.0,0.0,top,U1,,,RPi_Pico_SMD_TH,Pico,tht
