﻿Designator,Quantity,Value,Footprint,Package,MPN,DNP,Mount_Type,Description
ENC1,1,Conn_01x05_Pin,JST_EH_B5B-EH-A_1x05_P2.50mm_Vertical,,,,tht,"Generic connector, single row, 01x05, script generated"
"J1, J3",2,PINHD_1x3_Male,JST_EH_B3B-EH-A_1x03_P2.50mm_Vertical,,,,tht,Pin Header male with pin space 2.54mm. Pin Count -3
J5,1,PINHD_1x4_Male,PinHeader_1x04_P2.54mm_Vertical,,,,tht,Pin Header male with pin space 2.54mm. Pin Count -4
J6,1,PINHD_1x5_Male,JST_EH_B5B-EH-A_1x05_P2.50mm_Vertical,,,,tht,Pin Header male with pin space 2.54mm. Pin Count -5
PCM1,1,GY-PCM5102,GY-PCM5102,,,,tht,
"R1, R2",2,R4.7,R_Axial_DIN0207_L6.3mm_D2.5mm_P7.62mm_Horizontal,,,,tht,"THT 0204 Resistor, 7.62mm Pin Pitch, European Symbol, Alternate KiCad Library"
U1,1,Pico,RPi_Pico_SMD_TH,,,,tht,
